account,master
ackreview,master
activity,master
adminBanner,master
amalgam,master
anduin,master
appcommon,master
appHomepage,master
assassin,master
autoorderService,master
base,master
bidynamicreport,master
billions,master
blind,master
bulma,master
buzz,master
cart,master
cartsaver,master
chaplin,master
chest,master
coinvoucherex,master
coinvoucherexadmin,master
comment,master
compile_template,master
contactsync,master
crow,master
d2d,master
dailychecker,master
delivery,master
deucalion,master
dummy,master
eltreum,master
eltreumsync,master
erpnew,master
express,master
expresscn,master
ezmok,master
ezOpen,master
ezOrder,master
ezPackage,master
ezPTL,master
ezseller,master
ezsellerstatis,master
ezsms,master
ezspidersearch,master
ezStatus,master
falke,master
favourite,master
featurecollection,master
flashsales,master
friendsDeal,master
gallery,master
galleryadmin,master
garencieres,master
gernsback,master
giftcard,master
goflow,master
gohtml,master
googleadwords,master
googleanalytics,master
gospider,master
gospm,master
gunbuster,master
hedwig,master
illidan,master
isaribi,master
jedi,master
langresource,master
lib,master
lme,master
localdeliveryfee,master
matrix,master
metamorphosis,master
minerva,master
mirror,master
mithril,master
moxiaobei,master
mqClient,master
myjoin,master
nadesico,master
newhome-go,master
notify,master
notify2,master
notify3,master
oktights,master
oms,master
oplogger,master
OrderTrack,master
pantos,master
parcelforce,master
pigeon,master
popup,master
popupAdmin,master
postman,master
prepay,master
primewishlist,master
purchasecheck,master
pushservice,master
recommend,master
referral,master
scaffold,master
shadow,master
shadowaccount,master
shake,master
simpleregisterlogin,master
slots,master
slotsadmin,master
spike,master
spk,master
spkadmin,master
statis,master
sting,master
taobaoapi,master
tborder,master
tianyan,master
ticket,master
TimeoutCompensation,master
titans,master
tong,master
tonghelper,master
tracker,master
translate,master
TrendingShow,master
ugm,master
umbrella,master
umbrellacn,master
usercoin,master
UserCoinOperator,master
usermsgcenter,master
veda,master
vehicle,master
vendor,master
voucherAdmin,master
wautic,master
webV3,master
yqhcallback,master
zhantang,master